<?xml version="1.4" encoding="UTF-8" standalone="yes"?>
<app version="1.4">
	<name>Minecraft Theme</name>
	<version>1.4</version>
	<release_date>202408150000</release_date>
	<coder>ytggobs</coder>
	<short_description>A Homebrew Channel theme</short_description>
	<long_description>Run this like an application to apply the theme to the Homebrew Channel. Revert to the default theme by deleting the Homebrew Channel "savegame" using the data management in the Wii System Menu.</long_description>
</app>
